SampleID	CONTIG COUNT	TOTAL LENGTH	MIN	MAX	MEDIAN	MEAN	L50	N50	L90	N90	BUSCO_Complete	BUSCO_Single	BUSCO_Single	BUSCO_Single	BUSCO_Fragmented	BUSCO_Missing	BUSCO_NumGenes
08-12-12-13	127	28648769	501	4885581	1686	225580.86	4	3927789	7	1767416	99.3	99.2	99.2	99.2	0.2	0.5	4046
08-19-02-10	124	28472775	505	5152290	1039	229619.15	4	3971369	7	1758643	99.3	99.2	99.2	99.2	0.2	0.5	4046
08-19-02-30	116	29093813	500	4782612	1274	250808.73	4	3891258	7	1872726	99.2	99.1	99.1	99.1	0.2	0.6	4046
08-19-02-46	167	29009835	503	4939805	1310	173711.59	4	4058648	7	1793871	99.3	99.2	99.2	99.2	0.2	0.5	4046
08-19-02-61	109	29300309	502	4930436	1641	268810.17	4	3883024	7	2019295	99.4	99.3	99.3	99.3	0.2	0.4	4046
08-31-08-91	124	28935678	503	4890501	1155	233352.24	4	3824029	7	2364735	99.3	99.2	99.2	99.2	0.2	0.5	4046
08-36-03-25	321	30096220	504	5066347	1095	93757.69	4	4122406	7	1911378	99.3	99.2	99.2	99.2	0.2	0.5	4046
09-7500806	111	29727477	501	4806623	1556	267815.11	4	3991418	7	2349350	99.4	99.3	99.3	99.3	0.2	0.4	4046
10-01-02-27	120	29307140	500	4905561	1705	244226.17	4	4065070	7	2095458	99.3	99.2	99.2	99.2	0.2	0.5	4046
117535A-11	49	28704631	588	4620140	2379	585808.80	4	3934235	7	2080032	NA	NA	NA	NA	NA	NA	NA
12-7504462	90	29427389	503	5277379	1948	326970.99	4	3908293	7	1803414	97.2	97.0	97.0	97.0	0.2	2.6	4046
12-7504652	138	28595691	503	4805387	1198	207215.15	4	3837386	7	1831515	99.3	99.2	99.2	99.2	0.2	0.5	4046
12-7505054	107	28815003	501	5140269	2188	269299.09	4	3758995	7	1785681	99.4	99.3	99.3	99.3	0.2	0.4	4046
12-7505220	206	29939606	500	4757400	1239	145337.89	4	3954549	7	2151288	99.2	99.1	99.1	99.1	0.2	0.6	4046
12-7505446	114	29023106	506	4855853	1556	254588.65	4	3986034	7	1740412	99.3	99.2	99.2	99.2	0.2	0.5	4046
1F1SW_F4	87	28717829	507	4683236	1765	330089.99	4	3906753	7	1902286	99.3	99.2	99.2	99.2	0.2	0.5	4046
204NB-8	507	33638844	507	4879638	3841	66348.80	4	3916526	43	34880	97.9	97.8	97.8	97.8	0.6	1.5	4046
84-NIH	38	29187603	540	5183924	2008	768094.82	4	4046228	7	1745815	99.3	99.2	99.2	99.2	0.2	0.5	4046
A1159	149	28459967	502	4778975	873	191006.49	4	3768234	7	1889997	99.3	99.2	99.2	99.2	0.2	0.5	4046
A1159-T0-2	147	28443075	503	4543885	972	193490.31	4	3975189	7	1754680	99.3	99.2	99.2	99.2	0.2	0.5	4046
A1163	176	29715912	505	4850107	1415	168840.41	4	4051679	7	1969318	99.3	99.2	99.2	99.2	0.2	0.5	4046
AF100-10A	199	29210496	500	4953313	1485	146786.41	4	3833455	7	1783552	97.3	97.2	97.2	97.2	1.2	1.5	4046
AF100-10B	121	28841886	506	4860936	2393	238362.69	4	3804843	7	1763684	98.7	98.6	98.6	98.6	0.3	1.0	4046
AF100-10C	201	28819755	508	4867229	1518	143381.87	4	3824396	7	1789037	99.1	99.0	99.0	99.0	0.3	0.6	4046
AF100-10_5	252	29059372	500	4846929	1459	115314.97	4	3859798	7	1737716	98.9	98.8	98.8	98.8	0.4	0.7	4046
AF100-11A	237	29302349	502	4896838	1505	123638.60	4	3874117	7	1749348	99.0	98.9	98.9	98.9	0.3	0.7	4046
AF100-11B	242	29074366	512	4830195	1283	120142.01	4	3961054	7	1746181	98.7	98.6	98.6	98.6	0.5	0.8	4046
AF100-11C	207	29294547	503	4833041	1774	141519.55	4	3966627	7	1732565	98.7	98.6	98.6	98.6	0.3	1.0	4046
AF100-11_3	255	29096834	504	4806269	1610	114105.23	4	3901612	7	1748670	99.0	98.9	98.9	98.9	0.3	0.7	4046
AF100-12_1	10	27455	530	11232	1832	2745.50	2	5625	7	881	0.0	0.0	0.0	0.0	0.0	100.0	4046
AF100-12_10	235	29483701	509	4873378	1346	125462.56	4	3983790	7	2103274	98.4	98.3	98.3	98.3	0.5	1.1	4046
AF100-12_13	212	28795055	508	4800884	1385	135825.73	4	3916063	7	1777925	98.3	98.2	98.2	98.2	0.4	1.3	4046
AF100-12_17	280	29228939	500	4908759	1279	104389.07	4	3996101	7	1722344	98.0	97.9	97.9	97.9	0.7	1.3	4046
AF100-12_18	220	29573325	500	4886532	1252	134424.20	4	4105379	7	2086507	98.5	98.4	98.4	98.4	0.5	1.0	4046
AF100-12_2	301	29295325	502	4808489	1343	97326.66	4	4018833	7	1839327	98.4	98.3	98.3	98.3	0.6	1.0	4046
AF100-12_21	227	29175558	501	4857356	1736	128526.69	4	4008825	7	1734196	99.0	98.9	98.9	98.9	0.3	0.7	4046
AF100-12_23	54	28788680	535	4876222	3101	533123.70	4	3853916	7	1751414	99.3	99.2	99.2	99.2	0.3	0.4	4046
AF100-12_24	248	29233319	506	4847197	1151	117876.29	4	3924349	7	1755630	98.7	98.6	98.6	98.6	0.3	1.0	4046
AF100-12_25	108	28812960	501	4868188	2418	266786.67	4	3719997	7	1757282	99.2	99.1	99.1	99.1	0.2	0.6	4046
AF100-12_26	101	28772050	502	4840405	2458	284871.78	4	3961280	7	1753979	99.0	98.9	98.9	98.9	0.3	0.7	4046
AF100-12_27	129	29332225	490	4904051	2221	227381.59	4	3908697	7	1752084	99.2	99.1	99.1	99.1	0.3	0.5	4046
AF100-12_2W	124	29339375	508	4812955	1977	236607.86	4	3875591	7	2123107	98.7	98.6	98.6	98.6	0.4	0.9	4046
AF100-12_3	230	29006651	513	4843286	1478	126115.87	4	3909250	7	1727939	98.8	98.7	98.7	98.7	0.4	0.8	4046
AF100-12_32	140	28736212	503	4873580	1733	205258.66	4	3954673	7	1865215	99.1	99.0	99.0	99.0	0.3	0.6	4046
AF100-12_35	80	29291376	502	4832626	4796	366142.20	4	4021739	7	1914909	99.1	99.0	99.0	99.0	0.3	0.6	4046
AF100-12_37	212	29205749	501	4885196	1767	137762.97	4	3922227	7	1760090	98.5	98.4	98.4	98.4	0.3	1.2	4046
AF100-12_38	249	28743110	503	4856264	1431	115434.18	4	3827655	7	1707122	98.8	98.7	98.7	98.7	0.5	0.7	4046
AF100-12_39	231	28741630	501	4825013	1337	124422.64	4	3810168	7	1766014	98.9	98.8	98.8	98.8	0.3	0.8	4046
AF100-12_3G	180	29659406	503	4891716	1757	164774.48	4	3951612	7	1823034	98.7	98.6	98.6	98.6	0.5	0.8	4046
AF100-12_4	162	28851195	506	4909856	1966	178093.80	4	3752823	7	1742773	98.5	98.5	98.5	98.5	0.5	1.0	4046
AF100-12_40	185	29475189	504	4834859	2071	159325.35	4	3934454	7	1760808	98.7	98.6	98.6	98.6	0.4	0.9	4046
AF100-12_41	10	30177	598	9356	2172	3017.70	3	4380	7	1383	0.0	0.0	0.0	0.0	0.0	100.0	4046
AF100-12_42	1	8356	8356	8356	8356	8356.00	1	8356	1	8356	0.0	0.0	0.0	0.0	0.0	100.0	4046
AF100-12_43	253	29279996	503	4829244	1488	115731.21	4	3857768	7	1766799	99.0	98.9	98.9	98.9	0.4	0.6	4046
AF100-12_5	276	29435879	507	4877946	1334	106651.74	4	3982238	7	1760739	98.8	98.7	98.7	98.7	0.3	0.9	4046
AF100-12_7	144	29109028	522	4862667	1859	202146.03	4	3879795	7	1867118	98.2	98.1	98.1	98.1	0.5	1.3	4046
AF100-12_7G	585	30142901	502	4973288	1098	51526.33	4	3936802	7	2004002	97.9	97.8	97.8	97.8	0.7	1.4	4046
AF100-12_8	254	29140817	501	4703831	1377	114727.63	4	3972512	7	1743773	98.6	98.5	98.5	98.5	0.5	0.9	4046
AF100-12_9	47	29311166	519	4932252	2479	623641.83	4	4185399	7	1756022	99.2	99.1	99.1	99.1	0.3	0.5	4046
AF106-6_10	7	55356	582	33625	1265	7908.00	1	33625	3	8685	0.0	0.0	0.0	0.0	0.0	100.0	4046
AF106-6_2	248	29115124	500	4760575	1414	117399.69	4	3877506	7	1830975	98.9	98.8	98.8	98.8	0.2	0.9	4046
AF106-6_3	444	29076997	500	4832702	1151	65488.73	4	3831780	7	1745812	98.6	98.5	98.5	98.5	0.3	1.1	4046
AF106-6_4	9	31574	549	10702	2365	3508.22	2	6252	6	2090	0.0	0.0	0.0	0.0	0.0	100.0	4046
AF106-6_5	144	29506511	507	4862660	2053	204906.33	4	4035398	7	1794366	98.4	98.3	98.3	98.3	0.4	1.2	4046
AF106-6_7	3	9826	843	7884	1099	3275.33	1	7884	2	1099	0.0	0.0	0.0	0.0	0.0	100.0	4046
AF106-6_9	316	29055408	504	4893737	1319	91947.49	4	3871318	7	1737556	98.4	98.3	98.3	98.3	0.4	1.2	4046
AF210	611	29418641	500	4806549	865	48148.35	4	3826336	7	2124878	99.2	99.1	99.1	99.1	0.3	0.5	4046
AF293	142	29429631	508	4934439	944	207250.92	4	3981783	7	2054447	0.0	0.0	0.0	0.0	0.0	100.0	4046
AF293-VKBR1	282	29597513	500	4948120	776	104955.72	4	3941677	7	2050034	98.0	97.9	97.9	97.9	0.7	1.3	4046
AF293-VKBR3	98	29356271	511	4918865	1451	299553.79	4	3942768	7	2050821	98.0	97.9	97.9	97.9	0.5	1.5	4046
AF293-VKWH2	108	29337559	501	4836187	1102	271644.06	4	3947157	7	2050777	96.8	96.7	96.7	96.7	1.0	2.2	4046
AF300	96	29153215	505	4824431	1960	303679.32	4	3876572	7	2119505	97.6	97.5	97.5	97.5	0.8	1.6	4046
AF41	147	28796194	500	5014985	1324	195892.48	4	3663527	7	1913811	99.3	99.2	99.2	99.2	0.2	0.5	4046
AF72	151	28900930	501	5089420	1343	191396.89	4	3877678	7	1943923	99.3	99.2	99.2	99.2	0.2	0.5	4046
AF90	86	28914836	535	4809851	2378	336219.02	4	3731875	7	2154463	99.3	99.2	99.2	99.2	0.2	0.5	4046
AFIS1435_CDC_6	62	29542645	511	4899240	1797	476494.27	4	4015849	7	1961390	99.3	99.2	99.2	99.2	0.3	0.4	4046
AFIS_13708_CDC-14	49	29220350	500	4846649	1665	596333.67	4	4183152	7	2313691	99.3	99.2	99.2	99.2	0.2	0.5	4046
AFIS_2101_CDC-1	60	28906113	509	4927074	2479	481768.55	4	4037096	7	1810810	99.4	99.3	99.3	99.3	0.2	0.4	4046
AFIS_2302_CDC-18	53	28320502	513	4835998	2456	534349.09	4	3926795	7	2042222	97.8	97.7	97.7	97.7	0.2	2.0	4046
AFIS_23107_CDC-12	177	29982248	500	5155875	1022	169391.23	4	3976842	7	2145210	99.3	99.2	99.2	99.2	0.2	0.5	4046
AFUG_031815-1869	200	29004163	500	4638863	1705	145020.82	4	4048682	7	1762445	99.3	99.2	99.2	99.2	0.2	0.5	4046
AFUG_082015-1200	69	28370934	500	4884481	2246	411172.96	4	4106636	7	1782990	99.3	99.2	99.2	99.2	0.2	0.5	4046
AFUG_100413-0667	53	28828558	519	5205946	3066	543935.06	4	3957294	7	2190920	99.3	99.2	99.2	99.2	0.2	0.5	4046
AP65	148	28608548	510	4800660	912	193301.00	4	3864554	7	1807844	98.9	98.8	98.8	98.8	0.4	0.7	4046
ATCC46645	503	30527610	501	4886956	1162	60691.07	4	3935199	7	2113741	98.4	98.3	98.3	98.3	0.5	1.1	4046
ATCC_204305	182	28564485	504	4866857	1578	156947.72	4	3877404	7	1715820	99.1	99.0	99.0	99.0	0.3	0.6	4046
ATCC_46645	295	30487064	500	4871910	1494	103345.98	4	3951993	7	1917906	98.9	98.8	98.8	98.8	0.3	0.8	4046
AZTEC_10_245	209	29944232	503	4873778	1772	143273.84	4	4056350	7	2093470	99.1	99.0	99.0	99.0	0.3	0.6	4046
AZTEC_11_1066	215	28928055	500	4824060	1165	134549.09	4	3931192	7	1800688	98.3	98.2	98.2	98.2	0.6	1.1	4046
AZTEC_12_128	234	29196490	500	4852428	1258	124771.32	4	3965805	7	1767334	98.6	98.4	98.4	98.4	0.4	1.0	4046
AZTEC_13_751	179	28931361	516	4985853	1288	161627.72	4	3912798	7	1744299	98.5	98.2	98.2	98.2	0.5	1.0	4046
AZTEC_14_484	246	28978175	501	4849719	1176	117797.46	4	3988440	7	1746274	99.0	98.9	98.9	98.9	0.4	0.6	4046
AZTEC_15_181	212	29170603	504	4874690	1628	137597.18	4	3869470	7	1756289	98.7	98.6	98.6	98.6	0.3	1.0	4046
AZTEC_16_237	2235	30216681	500	4241858	1783	13519.77	4	3382632	421	3510	50.8	50.8	50.8	50.8	19.6	29.6	4046
AZTEC_17_234	244	29335532	500	4863192	1132	120227.59	4	3999699	7	1789711	98.8	98.7	98.7	98.7	0.4	0.8	4046
AZTEC_18_233	276	29099059	514	4864464	1410	105431.37	4	3838438	7	1715873	99.0	98.9	98.9	98.9	0.3	0.7	4046
AZTEC_19_231	1462	32102424	500	5144850	1568	21957.88	4	4047770	8	1763631	69.1	68.9	68.9	68.9	15.0	15.9	4046
AZTEC_1_235	621	30717386	500	5220325	1563	49464.39	4	3790287	8	1844069	88.9	88.8	88.8	88.8	5.7	5.4	4046
AZTEC_20_243	529	30616854	504	4884663	2494	57876.85	4	4092501	8	1802196	88.8	88.7	88.7	88.7	5.6	5.6	4046
AZTEC_2_251	193	29232064	509	4932882	1665	151461.47	4	4035787	7	1737277	99.3	99.2	99.2	99.2	0.2	0.5	4046
AZTEC_3_226	230	29175689	501	4853436	1752	126850.82	4	3949736	7	1756070	99.2	99.1	99.1	99.1	0.3	0.5	4046
AZTEC_4_250	232	29052747	502	4840441	1434	125227.36	4	3892951	7	1755982	99.1	99.0	99.0	99.0	0.3	0.6	4046
AZTEC_5_223	270	29672153	505	4929190	1297	109896.86	4	4015606	7	2000933	98.9	98.8	98.8	98.8	0.4	0.7	4046
AZTEC_6_232	195	29174147	509	4897413	1429	149611.01	4	4022176	7	1806310	99.1	99.0	99.0	99.0	0.3	0.6	4046
AZTEC_7_225	153	29377490	501	4809981	1885	192009.74	4	3987465	7	2065778	99.2	99.1	99.1	99.1	0.3	0.5	4046
AZTEC_8_224	338	29215843	502	4868212	1400	86437.41	4	3995028	7	1745879	98.5	98.4	98.4	98.4	0.4	1.1	4046
AZTEC_9_222	203	29173849	514	4876298	1584	143713.54	4	3900661	7	1751030	99.0	98.9	98.9	98.9	0.3	0.7	4046
A_fumigatus_v67-36	8	27480	835	7843	1869	3435.00	2	7560	6	1701	0.0	0.0	0.0	0.0	0.0	100.0	4046
A_fumigatus_v67-37	7	30072	810	9299	2322	4296.00	2	7791	5	1858	0.0	0.0	0.0	0.0	0.0	100.0	4046
Af-M1509-D	64	29378609	506	5085799	1839	459040.77	4	3931690	7	2043306	99.1	99.0	99.0	99.0	0.3	0.6	4046
Af10	286	29659310	500	5070644	1029	103703.88	4	3929324	7	2126657	NA	NA	NA	NA	NA	NA	NA
Af293	94	29326961	512	5087397	1545	311988.95	4	3809632	7	2049256	99.2	99.1	99.1	99.1	0.2	0.6	4046
Af65	121	29675250	505	4905227	1708	245250.00	4	3892257	7	2093545	99.3	99.2	99.2	99.2	0.2	0.5	4046
Afu_1042_09	102	29065084	501	4816671	2634	284951.80	4	3904954	7	1767444	99.3	99.2	99.2	99.2	0.2	0.5	4046
Afu_124_E11	114	28727496	500	5575951	1810	251995.58	4	3780353	7	1789828	99.3	99.2	99.2	99.2	0.2	0.5	4046
Afu_166_E11	122	28901865	501	4929571	1396	236900.53	4	3926529	7	1886338	99.3	99.2	99.2	99.2	0.2	0.5	4046
Afu_218_E11	116	28815184	500	5050043	2055	248406.76	4	3901366	7	1779407	99.3	99.2	99.2	99.2	0.2	0.5	4046
Afu_257_E11	104	28840231	500	4815641	2051	277309.91	4	3856953	7	1791336	99.3	99.2	99.2	99.2	0.2	0.5	4046
Afu_343_P_11	269	29615884	500	4942132	993	110096.22	4	4006427	7	1801322	99.3	99.2	99.2	99.2	0.2	0.5	4046
Afu_591_12	123	28671973	500	4824160	1291	233105.47	4	4017114	7	1793525	99.3	99.2	99.2	99.2	0.2	0.5	4046
Afu_942_09	91	28839756	500	5303063	2325	316920.40	4	3953997	7	1834850	99.3	99.2	99.2	99.2	0.2	0.5	4046
B10540_CDC-20	71	28713910	511	4941061	1755	404421.27	4	3848057	7	1815412	99.3	99.2	99.2	99.2	0.2	0.5	4046
B1821_CDC-8	132	30524662	500	5174656	1782	231247.44	4	4105214	7	2112059	99.3	99.2	99.2	99.2	0.2	0.5	4046
B5224_CDC-21	69	28718118	500	4809744	2769	416204.61	4	3974660	7	1908229	99.3	99.2	99.2	99.2	0.2	0.5	4046
B5257_CDC-28	53	29411427	564	5287923	3091	554932.58	4	3910544	7	1911221	99.3	99.2	99.2	99.2	0.3	0.4	4046
B5258_CDC_22	97	29402732	504	5053146	785	303120.95	4	3849684	7	2139492	99.3	99.2	99.2	99.2	0.2	0.5	4046
B5259_CDC-23	71	28616602	513	5149845	1901	403050.73	4	3853466	7	1805102	99.3	99.2	99.2	99.2	0.2	0.5	4046
B5269_CDC-24	98	28827921	505	4774258	1357	294162.46	4	3935837	7	1985718	97.2	97.1	97.1	97.1	0.2	2.6	4046
B5288_CDC-16	238	29614533	503	4915544	1423	124430.81	4	3848490	7	2358430	99.3	99.2	99.2	99.2	0.2	0.5	4046
B5289_CDC-25	146	29294953	502	5137515	1714	200650.36	4	3844111	7	2104444	96.9	96.8	96.8	96.8	0.2	2.9	4046
B5460_CDC-13	72	29642402	527	4898962	3425	411700.03	4	4270796	7	2124153	99.2	99.1	99.1	99.1	0.2	0.6	4046
B5461_CDC-2	79	28383828	513	4533006	1379	359288.96	4	3810507	7	2601396	97.2	97.1	97.1	97.1	0.2	2.6	4046
B5852	324	29084849	502	4802901	1322	89768.05	4	3896720	7	1730567	99.3	99.2	99.2	99.2	0.2	0.5	4046
B5854	323	29115243	502	4802527	1265	90140.07	4	3886200	7	1749145	99.2	99.1	99.1	99.1	0.2	0.6	4046
B5856	314	29008859	502	4807129	1339	92384.90	4	3898270	7	1745992	99.2	99.1	99.1	99.1	0.2	0.6	4046
B5859	657	29495222	500	4797594	961	44893.79	4	3836460	7	1762105	99.2	99.1	99.1	99.1	0.3	0.5	4046
B5863	338	29016088	502	4798389	1206	85846.41	4	3886473	7	1735035	99.3	99.2	99.2	99.2	0.2	0.5	4046
B5866	314	29068307	512	4799231	1308	92574.23	4	3899533	7	1729207	99.3	99.2	99.2	99.2	0.2	0.5	4046
B5868	309	29036096	502	4793083	1300	93967.95	4	3891555	7	1729094	99.3	99.2	99.2	99.2	0.2	0.5	4046
B5960_CDC_29	65	28733553	528	4873365	1797	442054.66	4	3948265	7	1852924	99.3	99.2	99.2	99.2	0.2	0.5	4046
B6069	516	29961082	500	4891726	967	58064.11	4	3878599	7	2050669	99.3	99.2	99.2	99.2	0.2	0.5	4046
B6074	340	29680606	500	4863829	1310	87295.90	4	3884080	7	2054767	99.4	99.3	99.3	99.3	0.2	0.4	4046
B6078	343	29789330	500	4902711	1218	86849.36	4	3880515	7	2056692	99.3	99.2	99.2	99.2	0.2	0.5	4046
B6079	351	29634449	500	4855215	1219	84428.63	4	3938901	7	2052568	99.3	99.2	99.2	99.2	0.2	0.5	4046
B6081	460	30637738	500	4893890	1291	66603.78	4	3901073	8	1727690	99.2	99.1	99.1	99.1	0.2	0.6	4046
B6892_CDC-3	44	28711929	544	4805927	3510	652543.84	4	3922111	7	1748264	99.4	99.3	99.3	99.3	0.2	0.4	4046
B6893_CDC-4	56	28741172	527	4821303	3021	513235.21	4	3856717	7	1763759	99.3	99.2	99.2	99.2	0.2	0.5	4046
B6894_CDC_5	56	28892136	527	4825091	2706	515931.00	4	3905491	7	1842740	99.3	99.2	99.2	99.2	0.2	0.5	4046
B72911_CDC-15	48	28619534	507	4697308	1834	596240.29	4	4014351	7	1748115	99.4	99.3	99.3	99.3	0.2	0.4	4046
B7444_CDC-7	52	29032167	520	4686390	2363	558310.90	4	3926171	7	1778315	99.4	99.3	99.3	99.3	0.2	0.4	4046
B7518_CDC-26	141	29279910	515	4604789	1030	207658.94	4	4114850	7	2217092	97.8	97.7	97.7	97.7	0.2	2.0	4046
B7586_CDC-30	227	29524610	507	4701374	1281	130064.36	4	4168858	7	2005592	99.3	99.2	99.2	99.2	0.2	0.5	4046
B7594_CDC_27	51	28913887	511	4795360	3769	566938.96	4	3905394	7	1775629	99.3	99.2	99.2	99.2	0.2	0.5	4046
B8783_CDC-17	8	33112	846	9135	3709	4139.00	3	5790	6	2243	0.0	0.0	0.0	0.0	0.0	100.0	4046
B9781_CDC-19	2626	30233794	500	4409420	1357	11513.25	4	3590802	386	3188	34.4	34.4	34.4	34.4	20.8	44.8	4046
C56A1-11	1055	30425801	474	4881906	740	28839.62	4	3969463	8	1746395	NA	NA	NA	NA	NA	NA	NA
CEA10	220	30125222	502	5021620	1741	136932.83	4	3923368	7	2062680	99.0	98.9	98.9	98.9	0.3	0.7	4046
CEA10-2	152	29830974	505	4937685	2112	196256.41	4	3874844	7	2057132	96.7	96.7	96.7	96.7	1.1	2.2	4046
CEA10-MCH	155	29713962	503	4893531	1839	191702.98	4	3879404	7	1964154	97.5	97.5	97.5	97.5	0.7	1.8	4046
CF098	124	29511112	501	4955682	768	237992.84	4	3987713	7	2083737	97.6	97.0	97.0	97.0	0.8	1.6	4046
CF337	237	29343403	501	4853326	885	123811.83	4	3990744	7	1926057	98.0	97.8	97.8	97.8	0.6	1.4	4046
CM2141	321	30304356	500	4982695	1387	94406.09	4	3968258	7	2072495	99.0	98.9	98.9	98.9	0.3	0.7	4046
CM237	422	30232362	500	4981768	1397	71640.67	4	3985031	7	2112815	99.1	98.9	98.9	98.9	0.3	0.6	4046
CM2495	59	27437509	519	4711670	1185	465042.53	4	3745055	7	1688366	99.1	99.0	99.0	99.0	0.2	0.7	4046
CM2730	99	28285886	506	4630746	1498	285716.02	4	3780890	7	2061268	99.1	99.0	99.0	99.0	0.2	0.7	4046
CM2733	149	28216117	504	4736423	1033	189369.91	4	3763343	7	1970624	99.1	99.0	99.0	99.0	0.3	0.6	4046
CM3248	192	28873632	501	4961397	1150	150383.50	4	3907488	7	1926778	98.9	98.8	98.8	98.8	0.3	0.8	4046
CM3249	129	28464867	502	4697162	1095	220657.88	4	3829599	7	1976570	98.7	98.6	98.6	98.6	0.4	0.9	4046
CM3249b	126	28238918	505	4743126	964	224118.40	4	3865659	7	2010986	98.9	98.8	98.8	98.8	0.3	0.8	4046
CM3262	149	28685516	500	4807711	1085	192520.24	4	3825925	7	2196136	99.0	98.9	98.9	98.9	0.2	0.8	4046
CM3720	146	28142575	505	4627744	1085	192757.36	4	3779223	7	2106268	99.1	99.0	99.0	99.0	0.3	0.6	4046
CM4602	163	28361459	503	4838693	1055	173996.68	4	3786622	7	1975157	99.1	99.0	99.0	99.0	0.3	0.6	4046
CM4946	179	28492286	501	4751925	1187	159174.78	4	3808869	7	2022843	98.8	98.7	98.7	98.7	0.4	0.8	4046
CM5419	316	29568394	502	5015794	1325	93570.87	4	3941618	7	1811671	99.1	99.0	99.0	99.0	0.2	0.7	4046
CM5757	137	29404081	506	4827905	1440	214628.33	4	3865182	7	2016646	99.0	98.9	98.9	98.9	0.2	0.8	4046
CM6126	239	29691905	501	4891354	1305	124233.91	4	3977397	7	2129900	99.0	98.9	98.9	98.9	0.4	0.6	4046
CM6458	218	29250602	500	4781022	1454	134177.07	4	3884897	7	2021447	99.2	99.1	99.1	99.1	0.3	0.5	4046
CM7510	172	29526467	521	4801289	1875	171665.51	4	3907814	7	2087415	98.9	98.8	98.8	98.8	0.3	0.8	4046
CM7555	86	29497815	525	4904216	2380	342997.85	4	3938223	7	2112263	99.2	99.1	99.1	99.1	0.2	0.6	4046
CM7560	104	27545366	518	4730709	2045	264859.29	4	3745909	7	1755305	99.2	99.1	99.1	99.1	0.3	0.5	4046
CM7570	89	28326067	506	4907792	1190	318270.42	4	3755798	7	1868107	98.9	98.6	98.6	98.6	0.4	0.7	4046
CM7632	141	29373332	502	4896623	1117	208321.50	4	3853720	7	1929267	98.9	98.8	98.8	98.8	0.3	0.8	4046
COH_1192	152	28436279	500	5264617	1222	187080.78	4	3942945	7	1880292	97.9	97.8	97.8	97.8	0.3	1.8	4046
COH_371	193	28881849	501	4563273	1037	149646.89	4	4207883	7	1801611	98.3	98.2	98.2	98.2	0.3	1.4	4046
COH_400	248	29781081	502	5031862	1055	120085.00	4	3981778	7	2035506	99.3	99.2	99.2	99.2	0.2	0.5	4046
COH_694	133	28836766	501	4866451	1112	216817.79	4	4073282	7	1784226	99.3	99.2	99.2	99.2	0.2	0.5	4046
COH_762	140	28764463	511	4714434	1092	205460.45	4	3792469	7	1929767	99.2	99.1	99.1	99.1	0.2	0.6	4046
COH_880	191	29089292	500	4869090	1059	152299.96	4	3968468	7	1899381	99.3	99.2	99.2	99.2	0.2	0.5	4046
COH_885	364	30222810	503	4890802	972	83029.70	4	4144380	7	1815928	99.1	99.0	99.0	99.0	0.4	0.5	4046
COH_913	128	29620655	500	4835786	1351	231411.37	4	3986417	7	2090988	99.3	99.2	99.2	99.2	0.2	0.5	4046
COH_934	702	30167380	501	4824892	829	42973.48	4	4025640	8	1766482	97.2	97.1	97.1	97.1	1.3	1.5	4046
Corn_Silage_Outer_CA-2	78	126781	505	8611	1109	1625.40	15	2047	57	693	0.0	0.0	0.0	0.0	0.0	100.0	4046
D17	81	28576553	509	4829915	2051	352796.95	4	3941185	7	2014826	98.6	98.5	98.5	98.5	0.5	0.9	4046
DMC2_AF100-12_42	48	28572506	525	4802641	2479	595260.54	4	3985072	7	1751465	99.3	99.2	99.2	99.2	0.2	0.5	4046
DMC2_AF100-12_9	39	28289961	526	4676068	4085	725383.62	4	4078772	7	1751140	97.1	97.0	97.0	97.0	0.3	2.6	4046
DMC2_AF100-1_11	176	29571283	504	4701221	933	168018.65	4	4071454	7	1774278	99.2	99.1	99.1	99.1	0.2	0.6	4046
DMC2_AF100-1_14	115	28954450	527	4876684	1695	251777.83	4	3836220	7	1828169	97.8	97.7	97.7	97.7	0.3	1.9	4046
DMC2_AF100-1_18	346	29870337	504	4631928	1288	86330.45	4	4067914	7	2023867	97.3	97.2	97.2	97.2	0.3	2.4	4046
DMC2_AF100-1_20_C	54	28572787	471	4805512	1813	529125.69	4	3983161	7	2134715	96.1	96.0	96.0	96.0	0.2	3.7	4046
DMC2_AF100-1_20_OE	54	29180009	520	4801360	2068	540370.54	4	4002073	7	2156618	99.4	99.3	99.3	99.3	0.2	0.4	4046
DMC2_AF100-1_24	60	29038642	502	4948277	1961	483977.37	4	4135478	7	1723138	99.3	99.2	99.2	99.2	0.2	0.5	4046
DMC2_AF100-1_3	872	30288778	500	4911284	793	34734.84	4	3972039	8	1826526	98.2	98.1	98.1	98.1	0.7	1.1	4046
DMC2_AF100-1_4	176	29652722	504	5215748	957	168481.38	4	4001406	7	1982827	99.2	99.1	99.1	99.1	0.2	0.6	4046
DMC2_AF100-1_8	172	29621091	504	4854709	985	172215.65	4	4214419	7	1790626	99.2	99.1	99.1	99.1	0.2	0.6	4046
DMC2_AF100-2B	102	29274484	502	4527994	1782	287004.75	4	3964601	7	2215373	99.3	99.2	99.2	99.2	0.2	0.5	4046
DMC2_AF100-3B	75	28596656	503	4916047	1911	381288.75	4	3827064	7	1745847	99.3	99.2	99.2	99.2	0.2	0.5	4046
DMC2_AF100-4B	57	28587720	513	4568303	2193	501538.95	4	4137824	7	1927912	99.2	99.1	99.1	99.1	0.2	0.6	4046
DMC2_AF100-5B	71	28722282	517	5436825	2070	404539.18	4	4100341	7	1771084	99.3	99.2	99.2	99.2	0.2	0.5	4046
DMC2_AF100-6B	52	28848525	517	4765720	1911	554779.33	4	4153895	7	1736909	99.4	99.3	99.3	99.3	0.2	0.4	4046
DMC2_AF100-7B	56	28850584	510	5069554	2641	515189.00	4	4029985	7	1651438	99.4	99.3	99.3	99.3	0.2	0.4	4046
DMC2_AF100-8B	45	28650859	505	4724594	2942	636685.76	4	4155515	7	1849091	99.3	99.2	99.2	99.2	0.2	0.5	4046
DMC2_AF100-9B	41	28644341	523	4893126	2447	698642.46	4	3717502	7	1998478	99.3	99.2	99.2	99.2	0.2	0.5	4046
DMC2_AF1001_15	85	29491398	502	4646562	1648	346957.62	4	3866976	7	2338271	99.4	99.3	99.3	99.3	0.2	0.4	4046
DMC_AF100-12_42	48	28692031	505	4804083	2479	597750.65	4	4291216	7	1750192	99.3	99.2	99.2	99.2	0.2	0.5	4046
DMC_AF100-12_9	36	28790090	526	5155094	4085	799724.72	4	4079489	7	1698623	99.3	99.2	99.2	99.2	0.3	0.4	4046
DMC_AF100-1_11	184	29894065	504	4721021	939	162467.74	4	3963761	7	2177730	99.2	99.1	99.1	99.1	0.2	0.6	4046
DMC_AF100-1_14	110	28850661	527	4876592	1778	262278.74	4	3939329	7	1830162	97.8	97.7	97.7	97.7	0.3	1.9	4046
DMC_AF100-1_18	334	30000429	504	5172602	1312	89821.64	4	3936115	7	1741684	99.1	99.0	99.0	99.0	0.3	0.6	4046
DMC_AF100-1_20_C	54	29086453	515	5139843	2068	538638.02	4	3941026	7	2070784	99.2	99.1	99.1	99.1	0.2	0.6	4046
DMC_AF100-1_20_OE	54	29074026	520	4606324	2068	538407.89	4	4001921	7	2413255	99.4	99.3	99.3	99.3	0.2	0.4	4046
DMC_AF100-1_24	58	29028292	502	4960839	1894	500487.79	4	4040899	7	2050191	99.3	99.2	99.2	99.2	0.2	0.5	4046
DMC_AF100-1_3	872	30288600	500	4911283	793	34734.63	4	3971862	8	1826526	98.2	98.1	98.1	98.1	0.7	1.1	4046
DMC_AF100-1_4	177	29653078	504	5215748	949	167531.51	4	4001406	7	1982827	99.2	99.1	99.1	99.1	0.2	0.6	4046
DMC_AF100-1_8	171	29603964	504	5229230	949	173122.60	4	3938835	7	1774360	99.2	99.1	99.1	99.1	0.3	0.5	4046
DMC_AF100-2B	102	29615043	502	4705596	1782	290343.56	4	4079491	7	2098831	99.3	99.2	99.2	99.2	0.2	0.5	4046
DMC_AF100-3B	76	28603137	503	4644824	2190	376357.07	4	3854299	7	1935308	99.3	99.2	99.2	99.2	0.2	0.5	4046
DMC_AF100-4B	59	28662025	513	4801627	2662	485797.03	4	3975503	7	1812622	99.3	99.2	99.2	99.2	0.2	0.5	4046
DMC_AF100-5B	71	28767108	517	4910597	1911	405170.54	4	3971757	7	1809926	99.3	99.2	99.2	99.2	0.2	0.5	4046
DMC_AF100-6B	52	28848525	517	4765720	1911	554779.33	4	4153895	7	1736909	99.4	99.3	99.3	99.3	0.2	0.4	4046
DMC_AF100-7B	59	28898505	509	4834870	2641	489805.17	4	4010510	7	1756431	99.3	99.2	99.2	99.2	0.2	0.5	4046
DMC_AF100-8B	46	28753314	519	4417371	2479	625072.04	4	4314320	7	1835720	99.2	99.1	99.1	99.1	0.2	0.6	4046
DMC_AF100-9B	42	28810929	523	4847081	2036	685974.50	4	3757006	7	1995857	99.3	99.2	99.2	99.2	0.2	0.5	4046
DMC_AF1001_15	83	29400706	502	4830333	1689	354225.37	4	3966240	7	1988843	99.3	99.2	99.2	99.2	0.2	0.5	4046
F11628	565	29515975	500	4814010	1002	52240.66	4	3855756	7	2056657	99.3	99.2	99.2	99.2	0.2	0.5	4046
F12041	162	28909553	503	4821929	1612	178454.03	4	3951718	7	2083650	99.3	99.2	99.2	99.2	0.3	0.4	4046
F12219	95	28848454	505	5034031	1880	303667.94	4	4008712	7	2059035	99.4	99.3	99.3	99.3	0.2	0.4	4046
F12636	106	29640075	512	5004733	3080	279623.35	4	4020393	7	1854577	99.1	99.0	99.0	99.0	0.3	0.6	4046
F12865	583	29466701	500	4820552	969	50543.23	4	3831239	7	2059949	99.3	99.2	99.2	99.2	0.3	0.4	4046
F13535	136	29008517	508	4834132	1990	213297.92	4	3838642	7	2086825	99.3	99.2	99.2	99.2	0.2	0.5	4046
F13619	237	30652542	501	4897522	1462	129335.62	4	4266259	7	1992091	99.2	99.1	99.1	99.1	0.3	0.5	4046
F13952	167	29102056	504	4902480	1757	174263.81	4	3836690	7	2074874	99.3	99.2	99.2	99.2	0.3	0.4	4046
F14403	85	28982766	504	4789860	2335	340973.72	4	3671138	7	2107656	99.3	99.2	99.2	99.2	0.2	0.5	4046
F14513G	160	29153522	518	5172591	1853	182209.51	4	3865135	7	2224535	99.3	99.2	99.2	99.2	0.2	0.5	4046
F14532	212	29445299	507	4823274	1444	138892.92	4	3827375	7	2243430	99.2	99.1	99.1	99.1	0.2	0.6	4046
F14946G	80	28712927	505	4883609	2662	358911.59	4	3670751	7	2523178	99.3	99.2	99.2	99.2	0.2	0.5	4046
F15390	252	29121395	500	4814223	1179	115561.09	4	3853675	7	2051942	99.1	99.0	99.0	99.0	0.3	0.6	4046
F15767	318	29620012	500	4908409	1214	93144.69	4	3947277	7	2073328	99.0	99.0	99.0	99.0	0.2	0.8	4046
F15927	69	27739226	505	5733072	1230	402017.77	3	3910081	7	2017353	99.3	99.2	99.2	99.2	0.2	0.5	4046
F16134	158	29217727	520	5305267	1554	184922.32	4	3867843	7	2277141	97.2	97.1	97.1	97.1	0.2	2.6	4046
F16216	181	28620225	502	4831339	1572	158122.79	4	3929548	7	1776886	99.3	99.2	99.2	99.2	0.2	0.5	4046
F16311	97	28940951	502	5092887	2195	298360.32	4	3950220	7	2010436	99.2	99.2	99.2	99.2	0.2	0.6	4046
F17582	134	29087701	504	5113119	2135	217072.40	4	3846961	7	1789832	99.3	99.2	99.2	99.2	0.2	0.5	4046
F17729	101	29305089	509	5157709	2511	290149.40	4	3883806	7	1750554	99.3	99.2	99.2	99.2	0.2	0.5	4046
F17729W	125	28729432	506	5070168	1777	229835.46	4	3818673	7	1733681	99.3	99.2	99.2	99.2	0.2	0.5	4046
F17764	141	28877000	502	5001197	1447	204801.42	4	4016194	7	1781711	99.3	99.2	99.2	99.2	0.3	0.4	4046
F17999	138	29358909	501	4873425	1761	212745.72	4	3883244	7	2071913	81.9	81.8	81.8	81.8	6.6	11.5	4046
F18085	112	29210783	508	4715907	1774	260810.56	4	4261598	7	2020004	99.2	99.1	99.1	99.1	0.3	0.5	4046
F18149-JCVI	195	30022173	517	4947039	1261	153959.86	4	4231352	7	1902846	98.0	97.9	97.9	97.9	0.3	1.7	4046
F18149-Manchester	347	29821410	509	4863711	1158	85940.66	4	3893060	7	2101894	98.3	98.2	98.2	98.2	0.6	1.1	4046
F18304	164	29893300	501	4974862	784	182276.22	4	3996606	7	2015712	97.9	97.7	97.7	97.7	0.6	1.5	4046
F18329	108	28740460	509	4802392	1817	266115.37	4	3932346	7	1739547	98.7	98.6	98.6	98.6	0.4	0.9	4046
F18454	96	28738372	509	4925799	2084	299358.04	4	3870711	7	1732272	87.1	87.1	87.1	87.1	4.8	8.1	4046
F20063	259	28846340	500	4808416	1004	111375.83	4	3875125	7	1734583	98.2	97.8	97.8	97.8	0.6	1.2	4046
F20140	84	28597768	500	5302443	1982	340449.62	4	3909251	7	1715495	99.1	99.1	99.1	99.1	0.2	0.7	4046
F20451	500	30191807	500	4947104	854	60383.61	4	3942265	7	2038475	94.3	94.2	94.2	94.2	2.0	3.7	4046
F21572	123	29124780	502	4826980	2148	236786.83	4	3862073	7	2010101	98.1	98.0	98.0	98.0	0.5	1.4	4046
F21732	75	28981577	504	4737391	2504	386421.03	4	3860543	7	1983547	96.6	96.5	96.5	96.5	1.2	2.2	4046
F21857	98	28787566	515	4823481	1963	293750.67	4	3918919	7	2121692	96.9	96.9	96.9	96.9	0.8	2.3	4046
F4S1B	228	28583857	506	4694414	828	125367.79	4	3890671	7	1764371	98.2	97.7	97.7	97.7	0.3	1.5	4046
F5211G	101	29980017	500	4901374	2255	296831.85	4	4106672	7	2034118	99.1	99.0	99.0	99.0	0.3	0.6	4046
F7763	77	29057902	505	4980102	2884	377375.35	4	4348233	7	1806607	99.2	99.1	99.1	99.1	0.2	0.6	4046
ICMP-23421	49	29473003	506	4884130	3531	601489.86	4	3945051	7	2032286	99.2	99.1	99.1	99.1	0.3	0.5	4046
IFM_55369	170	29070214	500	4628532	856	171001.26	4	4107927	7	1866597	98.4	98.4	98.4	98.4	0.2	1.4	4046
IFM_58026	174	29081090	500	4814682	1038	167132.70	4	3876463	7	2134591	99.1	99.0	99.0	99.0	0.3	0.6	4046
IFM_58029	241	28760962	507	4882186	1098	119340.09	4	3904609	7	1761070	99.3	99.2	99.2	99.2	0.3	0.4	4046
IFM_58401	246	28868697	502	4861097	1026	117352.43	4	4011421	7	1712989	99.2	99.1	99.1	99.1	0.3	0.5	4046
IFM_59056	196	28544844	500	4613078	1393	145636.96	4	3860452	7	1763473	97.8	97.7	97.7	97.7	0.3	1.9	4046
IFM_59073	179	28967288	501	4790412	1003	161828.42	4	3995099	7	1895302	99.3	99.2	99.2	99.2	0.3	0.4	4046
IFM_59355-1	96	28774864	513	4561281	2155	299738.17	4	4081571	7	1857810	98.6	98.5	98.5	98.5	0.2	1.2	4046
IFM_59355-2	88	28967782	513	4682920	1797	329179.34	4	3814321	7	2087909	98.5	98.4	98.4	98.4	0.2	1.3	4046
IFM_59356-1	64	29039899	500	4813599	1756	453748.42	4	4138030	7	1860977	98.6	98.5	98.5	98.5	0.2	1.2	4046
IFM_59356-2	350	29271782	502	4894686	1133	83633.66	4	3920169	7	1898516	98.7	98.6	98.6	98.6	0.3	1.0	4046
IFM_59356-3	252	29043931	500	4803279	895	115253.69	4	3984539	7	1876700	99.3	99.2	99.2	99.2	0.2	0.5	4046
IFM_59359	690	29909801	500	4815514	698	43347.54	4	3886229	8	1883210	97.7	97.6	97.6	97.6	1.0	1.3	4046
IFM_59361	487	29932506	500	4954319	882	61463.05	4	3974053	7	2258213	97.8	97.7	97.7	97.7	0.3	1.9	4046
IFM_59361-1	361	29775463	502	4887618	1071	82480.51	4	3721403	8	1789787	96.8	96.7	96.7	96.7	0.3	2.9	4046
IFM_59361-2	325	29955924	500	5258949	1111	92172.07	4	4177310	7	2244203	97.7	97.6	97.6	97.6	0.2	2.1	4046
IFM_59365	2	8990	1044	7946	7946	4495.00	1	7946	2	1044	0.0	0.0	0.0	0.0	0.0	100.0	4046
IFM_59777	437	29782852	501	4816653	971	68152.98	4	3962856	7	2078277	98.9	98.8	98.8	98.8	0.2	0.9	4046
IFM_60237	383	30163541	501	4850088	1071	78755.98	4	3975276	7	2168426	98.5	98.4	98.4	98.4	0.3	1.2	4046
IFM_60514	154	28719350	501	4824008	896	186489.29	4	3999076	7	1736596	99.4	99.3	99.3	99.3	0.2	0.4	4046
IFM_61118	229	29066298	500	4809666	876	126927.07	4	3943575	7	2048003	99.2	99.1	99.1	99.1	0.2	0.6	4046
IFM_61407	776	29639912	500	4840626	686	38195.76	4	3909792	7	2175124	97.7	97.6	97.6	97.6	1.2	1.1	4046
IFM_61578	271	29036406	500	4828645	876	107145.41	4	3787230	7	2103710	98.5	98.4	98.4	98.4	0.3	1.2	4046
IFM_61610	221	28647315	500	4876550	1208	129625.86	4	3997588	7	1715624	99.3	99.2	99.2	99.2	0.2	0.5	4046
IFM_62115	1	7946	7946	7946	7946	7946.00	1	7946	1	7946	0.0	0.0	0.0	0.0	0.0	100.0	4046
IFM_62516	332	29236903	500	4804164	972	88062.96	4	3827320	7	1716368	99.2	99.1	99.1	99.1	0.2	0.6	4046
ISSF_21	60	28767317	544	4893078	2756	479455.28	4	4047211	7	1757700	99.3	99.2	99.2	99.2	0.2	0.5	4046
JCM_10253	73	28754690	504	4791129	1260	393899.86	4	3798330	7	1947822	99.3	99.2	99.2	99.2	0.2	0.5	4046
JN10	275	29559077	500	4825150	906	107487.55	4	4019744	7	1993926	98.4	97.9	97.9	97.9	0.6	1.0	4046
LMB-35Aa	116	27943929	503	4774395	1341	240895.94	4	4123422	7	1587481	99.3	99.2	99.2	99.2	0.2	0.5	4046
M128	1213	31155029	498	4913777	753	25684.28	4	3892292	8	1876527	92.2	92.1	92.1	92.1	3.8	4.0	4046
M5960-D	159	29136469	507	4824044	1220	183248.23	4	3926129	7	1828007	99.3	99.2	99.2	99.2	0.2	0.5	4046
MO54056EXP	88	29311814	511	5018254	2327	333088.80	4	4019648	7	1878873	99.2	99.1	99.1	99.1	0.2	0.6	4046
MO68507EXP	195	29519313	507	5397318	1077	151381.09	4	4012777	7	2111537	99.2	99.1	99.1	99.1	0.3	0.5	4046
MO69250EXP	96	29139116	508	5025063	2214	303532.46	4	3709613	7	2099817	99.3	99.2	99.2	99.2	0.3	0.4	4046
MO76959EXP	110	29265015	508	5346170	1813	266045.59	4	3795506	7	1760532	99.4	99.3	99.3	99.3	0.2	0.4	4046
MO78722EXP	64	29390740	504	5324762	2170	459230.31	4	3916748	7	2037001	99.3	99.2	99.2	99.2	0.2	0.5	4046
MO79587EXP	99	28251718	502	6251369	989	285370.89	4	3530065	7	2015432	99.3	99.1	99.1	99.1	0.2	0.5	4046
MO89263LAB	91	29329749	508	5217669	2051	322304.93	4	3728506	7	2259616	99.3	99.2	99.2	99.2	0.2	0.5	4046
MO91298SB	67	28163567	510	4583663	1229	420351.75	4	4067165	7	2150909	96.3	96.2	96.2	96.2	0.3	3.4	4046
Mg18-1	190	29081035	500	4900832	662	153058.08	4	3901292	7	1739057	99.3	99.2	99.2	99.2	0.2	0.5	4046
Moose-3_1_2	193	29273363	502	4859748	1625	151675.46	4	3883951	7	2148675	99.2	99.1	99.1	99.1	0.2	0.6	4046
Moose_3-11	122	30345811	502	5520435	8734	248736.16	4	4282625	14	273773	NA	NA	NA	NA	NA	NA	NA
NCPF-7811	584	29453801	500	4835095	952	50434.59	4	3831552	7	2089879	99.1	99.0	99.0	99.0	0.3	0.6	4046
NCPF-7816	692	29650977	500	4851275	883	42848.23	4	3890111	7	2116308	99.2	99.1	99.1	99.1	0.3	0.5	4046
NCPF-7820	664	31568453	500	4821444	1235	47542.85	4	3908275	11	65874	98.6	98.5	98.5	98.5	0.5	0.9	4046
NCPF-7822	315	28640224	500	4856960	857	90921.35	4	3871055	7	1729361	99.4	99.3	99.3	99.3	0.2	0.4	4046
Oryx-1	52	28613945	521	4536792	2479	550268.17	4	3956399	7	1763433	99.3	99.2	99.2	99.2	0.2	0.5	4046
RSF2S8	84	29266129	513	4855317	2568	348406.30	4	3979815	7	2050948	98.5	98.4	98.4	98.4	0.5	1.0	4046
SF1S5	94	28748365	508	5187251	2940	305833.67	4	3894763	7	1714850	99.1	99.0	99.0	99.0	0.3	0.6	4046
SF1S6	72	29102013	510	4644847	2805	404194.62	4	3947899	7	2116964	98.0	97.9	97.9	97.9	0.4	1.6	4046
SF2S6	66	28946020	507	5061865	2083	438576.06	4	4104469	7	1736808	98.8	98.7	98.7	98.7	0.4	0.8	4046
SF2S9	170	28545857	503	4658418	1191	167916.81	4	3986730	7	1738488	97.5	97.5	97.5	97.5	0.4	2.1	4046
SF3S1	75	28622523	509	4694711	2286	381633.64	4	3964582	7	1755479	99.0	98.9	98.9	98.9	0.3	0.7	4046
SF3S10	77	28612437	509	4930205	2286	371590.09	4	4099088	7	1694080	99.0	98.9	98.9	98.9	0.2	0.8	4046
SF4S10	75	29083862	507	4812452	2983	387784.83	4	3998686	7	1751333	98.8	98.7	98.7	98.7	0.4	0.8	4046
TP12	2036	31748726	500	5067031	716	15593.68	4	3877335	8	1851385	98.6	98.4	98.4	98.4	0.4	1.0	4046
TP32	103	28576581	506	4891744	1505	277442.53	4	3793760	7	2041703	99.1	99.0	99.0	99.0	0.2	0.7	4046
W72310	322	29160885	500	4876636	1425	90561.75	4	3828434	7	1978952	99.0	98.9	98.9	98.9	0.3	0.7	4046
akuBKU80	4518	37190723	500	5047834	1165	8231.68	5	3854859	1000	2030	98.7	98.6	98.6	98.6	0.4	0.9	4046
histone_RFP	553	30606317	500	5014091	1170	55345.96	4	3938625	8	1706077	98.4	98.3	98.3	98.3	0.5	1.1	4046
